,CustomerID,Lookalike1,Score1,Lookalike2,Score2,Lookalike3,Score3
0,C0001,C0121,0.993012, C0152,0.995658,C0137,0.99936
1,C0002,C0010,0.998831, C0198,0.998867,C0029,0.999638
2,C0003,C0144,0.999217, C0178,0.999565,C0005,0.999894
3,C0004,C0075,0.999288, C0021,0.999658,C0067,0.999991
4,C0005,C0063,0.999259, C0073,0.999495,C0003,0.999894
,,,,,,,
,,,,,,,
